{
  "_generated": "Generated by SweetTooth, do not edit", 
  "description": "Removes the dropdown arrows which were introduced in Gnome 3.10 from the App Menu, System Menu, Input Menu, Access Menu, Places Menu, Applications Menu and any other extension that wants to add dropdown arrows.", 
  "extension-id": "remove-dropdown-arrows", 
  "name": "Remove Dropdown Arrows", 
  "shell-version": [
    "3.10", 
    "3.12", 
    "3.14", 
    "3.16", 
    "3.18", 
    "3.20", 
    "3.22"
  ], 
  "url": "http://github.com/mpdeimos/gnome-shell-remove-dropdown-arrows", 
  "uuid": "remove-dropdown-arrows@mpdeimos.com", 
  "version": 8
}