{
  "_generated": "Generated by SweetTooth, do not edit", 
  "description": "Add multiple monitors overview and panel for gnome-shell.", 
  "gettext-domain": "multi-monitors-add-on", 
  "name": "Multi Monitors Add-On", 
  "settings-schema": "org.gnome.shell.extensions.multi-monitors-add-on", 
  "shell-version": [
    "3.16", 
    "3.18", 
    "3.20", 
    "3.22", 
    "3.24"
  ], 
  "url": "https://github.com/spin83/multi-monitors-add-on.git", 
  "uuid": "multi-monitors-add-on@spin83", 
  "version": 11
}