{
  "_generated": "Generated by SweetTooth, do not edit", 
  "description": "A configurable lightweight battery charge indicator and autohider. Includes a few quirky display modes.", 
  "name": "Battery Status", 
  "original-author": "roberth@winter-weht.net", 
  "settings-schema": "org.gnome.shell.extensions.battery_status", 
  "shell-version": [
    "3.10", 
    "3.12", 
    "3.14", 
    "3.16", 
    "3.18", 
    "3.20"
  ], 
  "url": "https://github.com/milliburn/gnome-shell-extension-battery_status", 
  "uuid": "battery_status@milliburn.github.com", 
  "version": 10
}