{"options":{"awareOfChrome":false,"comment":null,"compat_arrayleft":false,"compat_foreach":false,"compat_forvarin":false,"compat_metadata":false,"compat_uW_gmonkey":false,"compat_wrappedjsobject":false,"compatopts_for_requires":true,"noframes":null,"override":{"merge_connects":true,"merge_excludes":true,"merge_includes":true,"merge_matches":true,"orig_excludes":["http://image.cnki.net/*"],"orig_includes":["http://*.cnki.net/*","http://*.cnki.net.*/*","*/kns/brief/*","*/kns55/brief/*","*/grid2008/brief/*","*/detail/detail.aspx*"],"orig_matches":[],"orig_noframes":null,"orig_run_at":"document-idle","use_blockers":[],"use_connects":[],"use_excludes":[],"use_includes":[],"use_matches":[]},"run_at":null},"settings":{"enabled":true,"position":2},"meta":{"name":"CNKI 中国知网 PDF 全文下载","uuid":"aeebba0e-70d4-48e1-a092-4bbc9d371a03","modified":1493816739859,"file_url":"https://greasyfork.org/scripts/18841-cnki-%E4%B8%AD%E5%9B%BD%E7%9F%A5%E7%BD%91-pdf-%E5%85%A8%E6%96%87%E4%B8%8B%E8%BD%BD/code/CNKI%20%E4%B8%AD%E5%9B%BD%E7%9F%A5%E7%BD%91%20PDF%20%E5%85%A8%E6%96%87%E4%B8%8B%E8%BD%BD.user.js"}}