{"options":{"awareOfChrome":false,"comment":null,"compat_arrayleft":false,"compat_foreach":false,"compat_forvarin":false,"compat_metadata":false,"compat_uW_gmonkey":false,"compat_wrappedjsobject":false,"compatopts_for_requires":true,"noframes":null,"override":{"merge_connects":true,"merge_excludes":true,"merge_includes":true,"merge_matches":true,"orig_excludes":[],"orig_includes":["http://www.baidu.com/*","https://www.baidu.com/*","http://baidu.com/*","https://baidu.com/*"],"orig_matches":[],"orig_noframes":null,"orig_run_at":"document-idle","use_blockers":[],"use_connects":[],"use_excludes":[],"use_includes":[],"use_matches":[]},"run_at":null},"settings":{"enabled":true,"position":36},"meta":{"name":"Google & baidu Switcher (use baidu)","uuid":"daeabff8-f9d9-40c9-a3e0-d0871bb636fc","modified":1493816739969,"file_url":"https://greasyfork.org/scripts/12905-google-baidu-switcher-use-baidu/code/Google%20%20baidu%20Switcher%20(use%20baidu).user.js"}}