{"options":{"awareOfChrome":false,"comment":null,"compat_arrayleft":false,"compat_foreach":false,"compat_forvarin":false,"compat_metadata":false,"compat_uW_gmonkey":false,"compat_wrappedjsobject":false,"compatopts_for_requires":true,"noframes":null,"override":{"merge_connects":true,"merge_excludes":true,"merge_includes":true,"merge_matches":true,"orig_excludes":["*pan.baidu.com/*","*renren.com/*","*exhentai.org/*","*music.google.com/*","*mail.google.com/*","*docs.google.com/*","*www.google.*","*acid3.acidtests.org/*","*.163.com/*"],"orig_includes":["*"],"orig_matches":[],"orig_noframes":null,"orig_run_at":"document-idle","use_blockers":[],"use_connects":[],"use_excludes":[],"use_includes":[],"use_matches":[]},"run_at":null},"settings":{"enabled":true,"position":20},"meta":{"name":"Text To link","uuid":"f4ef3694-cb71-4c89-94be-7c986ac130a8","modified":1493816739915,"file_url":"https://git.oschina.net/coldfire/GM/raw/master/linkMix.user.js"}}