{"options":{"awareOfChrome":false,"comment":null,"compat_arrayleft":false,"compat_foreach":false,"compat_forvarin":false,"compat_metadata":false,"compat_uW_gmonkey":false,"compat_wrappedjsobject":false,"compatopts_for_requires":true,"noframes":null,"override":{"merge_connects":true,"merge_excludes":true,"merge_includes":true,"merge_matches":true,"orig_excludes":[],"orig_includes":[],"orig_matches":["https://www.baidu.com/s?*","https://m.baidu.com/*"],"orig_noframes":null,"orig_run_at":"document-idle","use_blockers":[],"use_connects":[],"use_excludes":[],"use_includes":[],"use_matches":[]},"run_at":null},"settings":{"enabled":true,"position":29},"meta":{"name":"去广告/去除百度推广以及无用功能","uuid":"03480ec8-0f57-42e2-b891-d842023ccebb","modified":1493816739950,"file_url":"https://greasyfork.org/scripts/19759-%E5%8E%BB%E5%B9%BF%E5%91%8A-%E5%8E%BB%E9%99%A4%E7%99%BE%E5%BA%A6%E6%8E%A8%E5%B9%BF%E4%BB%A5%E5%8F%8A%E6%97%A0%E7%94%A8%E5%8A%9F%E8%83%BD/code/%E5%8E%BB%E5%B9%BF%E5%91%8A%E5%8E%BB%E9%99%A4%E7%99%BE%E5%BA%A6%E6%8E%A8%E5%B9%BF%E4%BB%A5%E5%8F%8A%E6%97%A0%E7%94%A8%E5%8A%9F%E8%83%BD.user.js"}}