{"options":{"awareOfChrome":false,"comment":null,"compat_arrayleft":false,"compat_foreach":false,"compat_forvarin":false,"compat_metadata":false,"compat_uW_gmonkey":false,"compat_wrappedjsobject":false,"compatopts_for_requires":true,"noframes":null,"override":{"merge_connects":true,"merge_excludes":true,"merge_includes":true,"merge_matches":true,"orig_excludes":[],"orig_includes":["http://www.shanbay.com/bdc/review/","http://www.shanbay.com/review/learning/*","https://www.shanbay.com/bdc/review/","https://www.shanbay.com/review/learning/*"],"orig_matches":[],"orig_noframes":null,"orig_run_at":"document-idle","use_blockers":[],"use_connects":[],"use_excludes":[],"use_includes":[],"use_matches":[]},"run_at":null},"settings":{"enabled":true,"position":28},"meta":{"name":"扇贝背单词网页版中文释义自动分行","uuid":"4b737158-0e38-45db-a461-f51d3685f9b1","modified":1493816739944,"file_url":"https://greasyfork.org/scripts/17007-%E6%89%87%E8%B4%9D%E8%83%8C%E5%8D%95%E8%AF%8D%E7%BD%91%E9%A1%B5%E7%89%88%E4%B8%AD%E6%96%87%E9%87%8A%E4%B9%89%E8%87%AA%E5%8A%A8%E5%88%86%E8%A1%8C/code/%E6%89%87%E8%B4%9D%E8%83%8C%E5%8D%95%E8%AF%8D%E7%BD%91%E9%A1%B5%E7%89%88%E4%B8%AD%E6%96%87%E9%87%8A%E4%B9%89%E8%87%AA%E5%8A%A8%E5%88%86%E8%A1%8C.user.js"}}