{"options":{"awareOfChrome":false,"comment":null,"compat_arrayleft":false,"compat_foreach":false,"compat_forvarin":false,"compat_metadata":false,"compat_uW_gmonkey":false,"compat_wrappedjsobject":false,"compatopts_for_requires":true,"noframes":null,"override":{"merge_connects":true,"merge_excludes":true,"merge_includes":true,"merge_matches":true,"orig_connects":[],"orig_excludes":["*://*.bilibili.com/blackboard/*"],"orig_includes":[],"orig_matches":["*://*.iqiyi.com/*","*://*.youku.com/*","*://*.le.com/*","*://*.letv.com/*","*://v.qq.com/*","*://*.tudou.com/*","*://*.mgtv.com/*","*://film.sohu.com/*","*://tv.sohu.com/*","*://*.acfun.cn/v/*","*://*.bilibili.com/*","*://vip.1905.com/play/*","*://vip.pptv.com/show/*","*://v.yinyuetai.com/video/*","*://v.yinyuetai.com/playlist/*","*://*.fun.tv/vplay/*","*://*.wasu.cn/Play/show/*"],"orig_noframes":null,"orig_run_at":"document-idle","use_blockers":[],"use_connects":[],"use_excludes":[],"use_includes":[],"use_matches":[]},"run_at":null},"settings":{"enabled":true,"position":31},"meta":{"name":"破解VIP会员视频集合","uuid":"98856f04-ec33-40d4-8c76-d7a104cf5f06","modified":1494642789470,"file_url":"https://greasyfork.org/scripts/27530-%E7%A0%B4%E8%A7%A3vip%E4%BC%9A%E5%91%98%E8%A7%86%E9%A2%91%E9%9B%86%E5%90%88/code/%E7%A0%B4%E8%A7%A3VIP%E4%BC%9A%E5%91%98%E8%A7%86%E9%A2%91%E9%9B%86%E5%90%88.user.js"}}