{"options":{"awareOfChrome":false,"comment":null,"compat_arrayleft":false,"compat_foreach":false,"compat_forvarin":false,"compat_metadata":false,"compat_uW_gmonkey":false,"compat_wrappedjsobject":false,"compatopts_for_requires":true,"noframes":null,"override":{"merge_connects":true,"merge_excludes":true,"merge_includes":true,"merge_matches":true,"orig_excludes":[],"orig_includes":["http://www.360doc.com/content/*"],"orig_matches":[],"orig_noframes":null,"orig_run_at":"document-idle","use_blockers":[],"use_connects":[],"use_excludes":[],"use_includes":[],"use_matches":[]},"run_at":null},"settings":{"enabled":true,"position":8},"meta":{"name":"破解360doc防复制系统","uuid":"70cf1cd8-8282-49b5-98a7-e8cb09d0ccfe","modified":1493816739878,"file_url":"https://greasyfork.org/scripts/12591-%E7%A0%B4%E8%A7%A3360doc%E9%98%B2%E5%A4%8D%E5%88%B6%E7%B3%BB%E7%BB%9F/code/%E7%A0%B4%E8%A7%A3360doc%E9%98%B2%E5%A4%8D%E5%88%B6%E7%B3%BB%E7%BB%9F.user.js"}}