{"options":{"awareOfChrome":false,"comment":null,"compat_arrayleft":false,"compat_foreach":false,"compat_forvarin":false,"compat_metadata":false,"compat_uW_gmonkey":false,"compat_wrappedjsobject":false,"compatopts_for_requires":true,"noframes":null,"override":{"merge_connects":true,"merge_excludes":true,"merge_includes":true,"merge_matches":true,"orig_excludes":[],"orig_includes":["http://kuai.xunlei.com/d/*"],"orig_matches":[],"orig_noframes":null,"orig_run_at":"document-idle","use_blockers":[],"use_connects":[],"use_excludes":[],"use_includes":[],"use_matches":[]},"run_at":null},"settings":{"enabled":true,"position":26},"meta":{"name":"迅雷快传显示全部下载链接","uuid":"886d70b9-8d5b-4268-8c26-cd03e9caca5e","modified":1493816739939,"file_url":"https://greasyfork.org/scripts/8399-%E8%BF%85%E9%9B%B7%E5%BF%AB%E4%BC%A0%E6%98%BE%E7%A4%BA%E5%85%A8%E9%83%A8%E4%B8%8B%E8%BD%BD%E9%93%BE%E6%8E%A5/code/%E8%BF%85%E9%9B%B7%E5%BF%AB%E4%BC%A0%E6%98%BE%E7%A4%BA%E5%85%A8%E9%83%A8%E4%B8%8B%E8%BD%BD%E9%93%BE%E6%8E%A5.user.js"}}