{"options":{"awareOfChrome":false,"comment":null,"compat_arrayleft":false,"compat_foreach":false,"compat_forvarin":false,"compat_metadata":false,"compat_uW_gmonkey":false,"compat_wrappedjsobject":false,"compatopts_for_requires":true,"noframes":null,"override":{"merge_connects":true,"merge_excludes":true,"merge_includes":true,"merge_matches":true,"orig_excludes":[],"orig_includes":["*"],"orig_matches":[],"orig_noframes":null,"orig_run_at":"document-end","use_blockers":[],"use_connects":[],"use_excludes":[],"use_includes":[],"use_matches":[]},"run_at":null},"settings":{"enabled":true,"position":32},"meta":{"name":"配合网盘密码自动提取，融合链接与提取码","uuid":"4f7a3b67-8e87-4f63-b467-858e4f10790c","modified":1493816739958,"file_url":"https://greasyfork.org/scripts/13494-%E9%85%8D%E5%90%88%E7%BD%91%E7%9B%98%E5%AF%86%E7%A0%81%E8%87%AA%E5%8A%A8%E6%8F%90%E5%8F%96-%E8%9E%8D%E5%90%88%E9%93%BE%E6%8E%A5%E4%B8%8E%E6%8F%90%E5%8F%96%E7%A0%81/code/%E9%85%8D%E5%90%88%E7%BD%91%E7%9B%98%E5%AF%86%E7%A0%81%E8%87%AA%E5%8A%A8%E6%8F%90%E5%8F%96%EF%BC%8C%E8%9E%8D%E5%90%88%E9%93%BE%E6%8E%A5%E4%B8%8E%E6%8F%90%E5%8F%96%E7%A0%81.user.js"}}