{
  "_generated": "Generated by SweetTooth, do not edit", 
  "description": "Want the nifty Gnome 3.26 dynamic panel on all Gnome versions and with more customization? This extension will fade your top panel to nothingness when there are no maximized windows present! Never again will the panel be abruptly darkened.\n\nMay be incompatible with some extensions that make extensive changes to the panel.\n\nv21+ are part of a major rewrite, if any bugs occur please report them on the website below.\n\nIf your theme isn't working correctly with this extension enable 'Remove Excessive Panel Styling' in the Background section of preferences.\n\nv21 is for Gnome 3.14-3.20\nv24/v25 is for Gnome 3.22+\n\nNew in v25\n- Fix issues with bottom panels.\n- Fix issues with settings in some Gnome Shell 3.26 installations.\n- Fix window mapping issue in settings.\n\nNew in v21\n- Completely rewritten window detection\n- Compatibility with nearly all drop down terminals (Tilix too!)\n- New event handling\n- Better bottom panel support\n- Lots of bug fixes\n\nGeneral Features:\n- Theme detection (works with 99% of all themes). \n- Per-app customization (panel color, opacity)\n- Configurable text and panel coloring\n- Configurable text and icon shadowing\n- Customizable transition times\n- Window tracking with support for shortcuts", 
  "gettext-domain": "dynamic-panel-transparency", 
  "name": "Dynamic Panel Transparency", 
  "settings-schema": "org.gnome.shell.extensions.dynamic-panel-transparency", 
  "shell-version": [
    "3.14", 
    "3.16", 
    "3.18", 
    "3.20"
  ], 
  "url": "http://evanwelsh.com/dynamic-panel-transparency/", 
  "uuid": "dynamic-panel-transparency@rockon999.github.io", 
  "version": 21
}