{
  "_generated": "Generated by SweetTooth, do not edit", 
  "description": "This extension fades your top panel to nothingness when there are no maximized windows present. Never again will the panel be abruptly darkened!\n\nMay be incompatible with some extensions that make extensive changes to the panel.\n\nPlease file bug reports on the website below.\n\nv11+ are part of a major rewrite, if any bugs occur please report them on the GitHub below.\n\n** If your theme isn't working correctly with this extension enable 'Remove Excessive Panel Styling' in the Background section of preferences. **\n\nREAD: If you need Drop Down Terminal support go into 'App Tweaks' in extension settings and select Drop Down Terminal.\n\nNew in v20!\n- 3.24 Support!\n- Various bug fixes.\n\nNew in v19!\n- Desktop icon fixes.\n- Spanish translation.\n\nNew in v18!\n- Faster theme detection. (No longer detects the theme at each startup)\n- Smooth corner animations.\n- Multi-monitor setups now correctly handle windows moving between monitors.\n- Dash now becomes transparent when \"viewing the desktop\" on systems with desktop icons enabled.\n- Wayland systems have improved tracking.\n- Internal rewrites.\n\nFeatures:\n- Theme detection (works with 99% of all themes). \n- Per-app customization (panel color, opacity)\n- Configurable text coloring\n- Configurable text and icon shadowing\n- Customizable transition styles\n- Window tracking with support for shortcuts\n\n3.14 support will likely be dropped in the next major release, as Debian Stable is finally upgrading.", 
  "gettext-domain": "dynamic-panel-transparency", 
  "name": "Dynamic Panel Transparency", 
  "settings-schema": "org.gnome.shell.extensions.dynamic-panel-transparency", 
  "shell-version": [
    "3.14", 
    "3.16", 
    "3.18", 
    "3.20", 
    "3.22", 
    "3.24"
  ], 
  "url": "http://evanwelsh.com/dynamic-panel-transparency/", 
  "uuid": "dynamic-panel-transparency@rockon999.github.io", 
  "version": 20
}