{
  "_generated": "Generated by SweetTooth, do not edit", 
  "cinnamon-version": [
    "1.2", 
    "1.4", 
    "1.6", 
    "1.8", 
    "1.9", 
    "2.0", 
    "2.1", 
    "2.2", 
    "2.3", 
    "2.4", 
    "2.8", 
    "3.0"
  ], 
  "description": "Replacement of Alt-Tab, iterates through windows in a cover-flow manner.", 
  "name": "Coverflow Alt-Tab", 
  "shell-version": [
    "3.4", 
    "3.6", 
    "3.8", 
    "3.10", 
    "3.12", 
    "3.14", 
    "3.16", 
    "3.18", 
    "3.20", 
    "3.22", 
    "3.24", 
    "3.26"
  ], 
  "url": "https://github.com/dmo60/CoverflowAltTab", 
  "uuid": "CoverflowAltTab@palatis.blogspot.com", 
  "version": 32
}