{
  "_generated": "Generated by SweetTooth, do not edit", 
  "description": "Close windows with a button click (the middle one by default) when in overview mode", 
  "locale": "/usr/local/share/locale", 
  "name": "Quick Close in Overview", 
  "original-authors": [
    "Paolo Tranquilli"
  ], 
  "settings-schema": "org.gnome.shell.extensions.middleclickclose", 
  "shell-version": [
    "3.6", 
    "3.8", 
    "3.10", 
    "3.12", 
    "3.14", 
    "3.16", 
    "3.18", 
    "3.20", 
    "3.22", 
    "3.24", 
    "3.26"
  ], 
  "url": "https://github.com/p91paul/middleclickclose", 
  "uuid": "middleclickclose@paolo.tranquilli.gmail.com", 
  "version": 14
}