{
  "_generated": "Generated by SweetTooth, do not edit", 
  "description": "Reduce the horizontal spacing between icons in the top-right status area", 
  "dev-version": "2.1.4", 
  "name": "Status Area Horizontal Spacing", 
  "settings-schema": "org.gnome.shell.extensions.status-area-horizontal-spacing", 
  "shell-version": [
    "3.4", 
    "3.6", 
    "3.8", 
    "3.10", 
    "3.12", 
    "3.14", 
    "3.16", 
    "3.18", 
    "3.20", 
    "3.22", 
    "3.24"
  ], 
  "url": "https://bitbucket.org/mathematicalcoffee/status-area-horizontal-spacing-gnome-shell-extension", 
  "uuid": "status-area-horizontal-spacing@mathematical.coffee.gmail.com", 
  "version": 10
}