{
  "_generated": "Generated by SweetTooth, do not edit", 
  "description": "KDE Connect/MConnect integration for Gnome Shell", 
  "extension-id": "mconnect", 
  "gettext-domain": "gnome-shell-extension-mconnect", 
  "gschema-id": "org.gnome.shell.extensions.mconnect", 
  "name": "MConnect", 
  "shell-version": [
    "3.18", 
    "3.20", 
    "3.18.1", 
    "3.18.2", 
    "3.18.3", 
    "3.22", 
    "3.24", 
    "3.20.2", 
    "3.20.1", 
    "3.20.3", 
    "3.20.4", 
    "3.22.1", 
    "3.22.2", 
    "3.22.3", 
    "3.24.1", 
    "3.24.2", 
    "3.24.3"
  ], 
  "url": "https://github.com/andyholmes/gnome-shell-extension-mconnect", 
  "uuid": "mconnect@andyholmes.github.io", 
  "version": 12
}