{"options":{"comment":null,"compatopts_for_requires":true,"compat_wrappedjsobject":false,"compat_metadata":false,"compat_foreach":false,"compat_arrayleft":false,"compat_uW_gmonkey":false,"compat_forvarin":false,"noframes":null,"awareOfChrome":false,"run_at":null,"override":{"merge_connects":true,"merge_excludes":true,"merge_includes":true,"merge_matches":true,"orig_connects":["*"],"orig_excludes":[],"orig_includes":["http://www.baidu.com/*","https://www.baidu.com/*","http://www.sogou.com/*","https://www.sogou.com/*","/^https?\\:\\/\\/encrypted.google.[^\\/]+/","/^https?\\:\\/\\/www.google.[^\\/]+/","https://*.zhidao.baidu.com/*","https://zhidao.baidu.com/*"],"orig_matches":[],"orig_noframes":null,"orig_run_at":"document-start","use_blockers":[],"use_connects":["www.baidu.com","*"],"use_excludes":[],"use_includes":[],"use_matches":[]}},"settings":{"enabled":true,"position":13},"meta":{"name":"AC-baidu： 优化百度、搜狗、谷歌搜索结果之重定向去除+去广告","uuid":"00b63482-d80b-422d-80bb-a17c8f5c5d35","modified":1494813733920,"file_url":"https://greasyfork.org/scripts/14178-ac-baidu-%E4%BC%98%E5%8C%96%E7%99%BE%E5%BA%A6-%E6%90%9C%E7%8B%97%E6%90%9C%E7%B4%A2%E7%BB%93%E6%9E%9C%E4%B9%8B%E9%87%8D%E5%AE%9A%E5%90%91%E5%8E%BB%E9%99%A4/code/AC-baidu%EF%BC%9A%E4%BC%98%E5%8C%96%E7%99%BE%E5%BA%A6%E3%80%81%E6%90%9C%E7%8B%97%E6%90%9C%E7%B4%A2%E7%BB%93%E6%9E%9C%E4%B9%8B%E9%87%8D%E5%AE%9A%E5%90%91%E5%8E%BB%E9%99%A4.user.js"}}