{"options":{"awareOfChrome":false,"comment":null,"compat_arrayleft":false,"compat_foreach":false,"compat_forvarin":false,"compat_metadata":false,"compat_uW_gmonkey":false,"compat_wrappedjsobject":false,"compatopts_for_requires":true,"noframes":null,"override":{"merge_connects":true,"merge_excludes":true,"merge_includes":true,"merge_matches":true,"orig_excludes":[],"orig_includes":["https://btdigg.org/search*","http://btdigg.org/search*","http://*.jav*.*","https://*.jav*.*","http://www.torrentkitty.*/search*"],"orig_matches":[],"orig_noframes":null,"orig_run_at":"document-end","use_blockers":[],"use_connects":[],"use_excludes":[],"use_includes":[],"use_matches":[]},"run_at":null},"settings":{"enabled":true,"position":24},"meta":{"name":"All Magnet to BT","uuid":"5a2436b9-4627-45c8-8045-89c090ed5af7","modified":1493816739932,"file_url":"https://greasyfork.org/scripts/12156-all-magnet-to-bt/code/All%20Magnet%20to%20BT.user.js"}}