{"options":{"comment":null,"compatopts_for_requires":true,"compat_wrappedjsobject":false,"compat_metadata":false,"compat_foreach":false,"compat_arrayleft":false,"compat_uW_gmonkey":false,"compat_forvarin":false,"noframes":null,"awareOfChrome":false,"run_at":null,"override":{"use_includes":[],"orig_includes":[],"merge_includes":true,"use_matches":[],"orig_matches":["*://www.google.com/recaptcha/api2/anchor?*"],"merge_matches":true,"use_excludes":[],"orig_excludes":[],"merge_excludes":true,"use_connects":[],"merge_connects":true,"use_blockers":[],"orig_run_at":"document-end","orig_noframes":null,"orig_connects":[]}},"settings":{"enabled":true,"position":39},"meta":{"name":"Automatic Clicker for reCAPTCHA of URL Shortener","uuid":"51486d9e-afcc-49fc-aa85-9b5b8662165f","modified":1494813690957,"file_url":"https://greasyfork.org/scripts/27481-automatic-clicker-for-recaptcha-of-url-shortener/code/Automatic%20Clicker%20for%20reCAPTCHA%20of%20URL%20Shortener.user.js"}}