{"options":{"awareOfChrome":false,"comment":null,"compat_arrayleft":false,"compat_foreach":false,"compat_forvarin":false,"compat_metadata":false,"compat_uW_gmonkey":false,"compat_wrappedjsobject":false,"compatopts_for_requires":true,"noframes":null,"override":{"merge_connects":true,"merge_excludes":true,"merge_includes":true,"merge_matches":true,"orig_excludes":[],"orig_includes":["http://www.google.*","https://www.google.*","http://webcache.googleusercontent.*","https://webcache.googleusercontent.*"],"orig_matches":[],"orig_noframes":null,"orig_run_at":"document-start","use_blockers":[],"use_connects":[],"use_excludes":[],"use_includes":[],"use_matches":[]},"run_at":null},"settings":{"enabled":true,"position":35},"meta":{"name":"google cache comeback","uuid":"5d125145-a650-4fe5-81ef-f52b8e40b994","modified":1493816739966,"file_url":"https://greasyfork.org/scripts/725-google-cache-comeback/code/google%20cache%20comeback.user.js"}}