{"options":{"awareOfChrome":false,"comment":null,"compat_arrayleft":false,"compat_foreach":false,"compat_forvarin":false,"compat_metadata":false,"compat_uW_gmonkey":false,"compat_wrappedjsobject":false,"compatopts_for_requires":true,"noframes":null,"override":{"merge_connects":true,"merge_excludes":true,"merge_includes":true,"merge_matches":true,"orig_excludes":[],"orig_includes":["/^https?://(?:www|encrypted|ipv[46])\\.google\\.[^/]+/(?:$|[#?]|search|webhp|imgres)/"],"orig_matches":["https://news.google.com/*","https://cse.google.com/cse/*"],"orig_noframes":null,"orig_run_at":"document-start","use_blockers":[],"use_connects":[],"use_excludes":[],"use_includes":[],"use_matches":[]},"run_at":null},"settings":{"enabled":true,"position":4},"meta":{"name":"Google: Bypass Result Page Redirect","uuid":"250b02c4-b3f9-450d-a60e-bc6a5f3919b3","modified":1493816739865,"file_url":"https://greasyfork.org/scripts/14150-google-%E7%BB%95%E8%BF%87%E6%90%9C%E7%B4%A2%E7%BB%93%E6%9E%9C%E7%BD%91%E9%A1%B5%E9%93%BE%E6%8E%A5%E9%87%8D%E5%AE%9A%E5%90%91/code/Google%EF%BC%9A%E7%BB%95%E8%BF%87%E6%90%9C%E7%B4%A2%E7%BB%93%E6%9E%9C%E7%BD%91%E9%A1%B5%E9%93%BE%E6%8E%A5%E9%87%8D%E5%AE%9A%E5%90%91.user.js"}}