{"options":{"awareOfChrome":false,"comment":null,"compat_arrayleft":false,"compat_foreach":false,"compat_forvarin":false,"compat_metadata":false,"compat_uW_gmonkey":false,"compat_wrappedjsobject":false,"compatopts_for_requires":true,"noframes":null,"override":{"merge_connects":true,"merge_excludes":true,"merge_includes":true,"merge_matches":true,"orig_excludes":[],"orig_includes":["http://*qing.weibo.com/*","http://*weibo.com/*","http://*t.163.com/*","http://*t.sohu.com/*","http://*t.qq.com/*","http://*t.ifeng.com/*","http://*t.titan24.com/*","http://*t.people.com.cn/*","http://*tianya.cn/*","http://*diandian.com/*","http://*.digu.com/*","http://i.taobao.com/*","http://*t.cntv.cn*","http://*tieba.baidu.com/f*","http://*tieba.baidu.com/i*","http://*xueqiu.com/*","https://*douban.com/*","https://*work.alibaba-inc.com/*"],"orig_matches":[],"orig_noframes":null,"orig_run_at":"document-idle","use_blockers":[],"use_connects":[],"use_excludes":[],"use_includes":[],"use_matches":[]},"run_at":null},"settings":{"enabled":true,"position":23},"meta":{"name":"MiniblogImgPop - 微博浮图","uuid":"d76db6c3-97ec-45ec-9c52-0a23b1c34ab1","modified":1493816739928,"file_url":"https://greasyfork.org/scripts/4233-miniblogimgpop-%E5%BE%AE%E5%8D%9A%E6%B5%AE%E5%9B%BE/code/MiniblogImgPop%20-%20%E5%BE%AE%E5%8D%9A%E6%B5%AE%E5%9B%BE.user.js"}}