{"options":{"awareOfChrome":false,"comment":null,"compat_arrayleft":false,"compat_foreach":false,"compat_forvarin":false,"compat_metadata":false,"compat_uW_gmonkey":false,"compat_wrappedjsobject":false,"compatopts_for_requires":true,"noframes":null,"override":{"merge_connects":true,"merge_excludes":true,"merge_includes":true,"merge_matches":true,"orig_excludes":["https://www.youtube.com/*","http://*.dj92cc.com/*","http://*.yinyuetai.com/*"],"orig_includes":["http*"],"orig_matches":[],"orig_noframes":null,"orig_run_at":"document-idle","use_blockers":[],"use_connects":[],"use_excludes":[],"use_includes":[],"use_matches":[]},"run_at":null},"settings":{"enabled":true,"position":27},"meta":{"name":"vipVideos_skipAd","uuid":"10fe8909-9a26-489f-a3a2-6b2b73f88ced","modified":1493816739942,"file_url":"https://greasyfork.org/scripts/8561-vipvideos-skipad/code/vipVideos_skipAd.user.js"}}