{"options":{"comment":null,"compatopts_for_requires":true,"compat_wrappedjsobject":false,"compat_metadata":false,"compat_foreach":false,"compat_arrayleft":false,"compat_uW_gmonkey":false,"compat_forvarin":false,"noframes":null,"awareOfChrome":false,"run_at":null,"override":{"merge_connects":true,"merge_excludes":true,"merge_includes":true,"merge_matches":true,"orig_excludes":[],"orig_includes":["http*://avio.pw/*","http*://avso.pw/*","http*://avxo.pw/*","http*://www.av28.com/*/movie/*","http*://*javlibrary.com/*","http*://*javlib.com/*","http*://*javl10.com/*","http*://*jav11b.com/*","http*://www.libredmm.com/products/*","http*://www.javbus.com/*","http*://www.javbus.me/*","http*://www.javbus2.com/*","http*://www.javbus3.com/*","http*://www.javbus5.com/*","http*://www.icpmp.com/fanhao/*.html","http*://blog.jav4you.com/*","http*://*1pondo.tv/*/index.htm","http*://www.dmm.co.jp/digital/videoa/*","http*://www.jade-net-home.com/products/*","http*://pan.baidu.com/disk/home*","http*://115.com/?tab=offline&mode=wangpan","http*://www.furk.net/users/files/add"],"orig_matches":[],"orig_noframes":null,"orig_run_at":"document-end","use_blockers":[],"use_connects":[],"use_excludes":[],"use_includes":[],"use_matches":[],"orig_connects":[]}},"settings":{"enabled":true,"position":11},"meta":{"name":"挊","uuid":"b5f2dc6c-3d0b-425a-ad19-9741fe416c7e","modified":1494813734135,"file_url":"https://greasyfork.org/scripts/8392-%E6%8C%8A/code/%E6%8C%8A.user.js"}}