{"options":{"awareOfChrome":false,"comment":null,"compat_arrayleft":false,"compat_foreach":false,"compat_forvarin":false,"compat_metadata":false,"compat_uW_gmonkey":false,"compat_wrappedjsobject":false,"compatopts_for_requires":true,"noframes":null,"override":{"merge_connects":true,"merge_excludes":true,"merge_includes":true,"merge_matches":true,"orig_excludes":[],"orig_includes":["*://tieba.baidu.com/f?*","*://tieba.baidu.com/p/*"],"orig_matches":[],"orig_noframes":null,"orig_run_at":"document-end","use_blockers":[],"use_connects":[],"use_excludes":[],"use_includes":[],"use_matches":[]},"run_at":null},"settings":{"enabled":true,"position":16},"meta":{"name":"清理百度贴吧插入广告","uuid":"ac59e4d8-3a0b-4883-8519-4139eb155b76","modified":1493816739900,"file_url":"https://greasyfork.org/scripts/21315-%E6%B8%85%E7%90%86%E7%99%BE%E5%BA%A6%E8%B4%B4%E5%90%A7%E6%8F%92%E5%85%A5%E5%B9%BF%E5%91%8A/code/%E6%B8%85%E7%90%86%E7%99%BE%E5%BA%A6%E8%B4%B4%E5%90%A7%E6%8F%92%E5%85%A5%E5%B9%BF%E5%91%8A.user.js"}}