{"options":{"awareOfChrome":false,"comment":null,"compat_arrayleft":false,"compat_foreach":false,"compat_forvarin":false,"compat_metadata":false,"compat_uW_gmonkey":false,"compat_wrappedjsobject":false,"compatopts_for_requires":true,"noframes":null,"override":{"merge_connects":true,"merge_excludes":true,"merge_includes":true,"merge_matches":true,"orig_connects":[],"orig_excludes":[],"orig_includes":["http*://music.163.com/*"],"orig_matches":[],"orig_noframes":null,"orig_run_at":"document-idle","use_blockers":[],"use_connects":[],"use_excludes":[],"use_includes":[],"use_matches":[]},"run_at":null},"settings":{"enabled":true,"position":18},"meta":{"name":"网易云音乐高音质下载 改自 网易云音乐下载，网易云音乐高音质支持","uuid":"ef6580b2-34fb-4150-9ee9-5f4528cc0672","modified":1494642789657,"file_url":"https://greasyfork.org/scripts/23222-%E7%BD%91%E6%98%93%E4%BA%91%E9%9F%B3%E4%B9%90%E9%AB%98%E9%9F%B3%E8%B4%A8%E4%B8%8B%E8%BD%BD-%E6%94%B9%E8%87%AA-%E7%BD%91%E6%98%93%E4%BA%91%E9%9F%B3%E4%B9%90%E4%B8%8B%E8%BD%BD-%E7%BD%91%E6%98%93%E4%BA%91%E9%9F%B3%E4%B9%90%E9%AB%98%E9%9F%B3%E8%B4%A8%E6%94%AF%E6%8C%81/code/%E7%BD%91%E6%98%93%E4%BA%91%E9%9F%B3%E4%B9%90%E9%AB%98%E9%9F%B3%E8%B4%A8%E4%B8%8B%E8%BD%BD%20%E6%94%B9%E8%87%AA%20%E7%BD%91%E6%98%93%E4%BA%91%E9%9F%B3%E4%B9%90%E4%B8%8B%E8%BD%BD%EF%BC%8C%E7%BD%91%E6%98%93%E4%BA%91%E9%9F%B3%E4%B9%90%E9%AB%98%E9%9F%B3%E8%B4%A8%E6%94%AF%E6%8C%81.user.js"}}