{"options":{"awareOfChrome":false,"comment":null,"compat_arrayleft":false,"compat_foreach":false,"compat_forvarin":false,"compat_metadata":false,"compat_uW_gmonkey":false,"compat_wrappedjsobject":false,"compatopts_for_requires":true,"noframes":null,"override":{"merge_connects":true,"merge_excludes":true,"merge_includes":true,"merge_matches":true,"orig_excludes":[],"orig_includes":[],"orig_matches":["*://*/*"],"orig_noframes":null,"orig_run_at":"document-idle","use_blockers":[],"use_connects":[],"use_excludes":[],"use_includes":[],"use_matches":[]},"run_at":null},"settings":{"enabled":true,"position":7},"meta":{"name":"网盘提取工具","uuid":"baa90061-da24-4b72-ab6f-0ba643a516b6","modified":1493816739875,"file_url":"https://greasyfork.org/scripts/18733-%E7%BD%91%E7%9B%98%E6%8F%90%E5%8F%96%E5%B7%A5%E5%85%B7/code/%E7%BD%91%E7%9B%98%E6%8F%90%E5%8F%96%E5%B7%A5%E5%85%B7.user.js"}}